"","alpha.bar","sc.gamma","sc","sc.CL","Year","landuse","Agency","Gen_ID_Prop","Ecoregion_NARS"
"1",14,28.066675913138,0.715986630437195,9.35821584722068,1,"Agriculture","USGS",0.656804733727811,"CPL"
"2",20.7142857142857,65.06464508327,0.724137931034483,14.6380864723483,1,"Forest_Wetland","USGS",0.629651682048229,"CPL"
"3",20.3,52.0760391441925,0.750000061974747,9.22921469109563,2,"Forest_Wetland","USGS",0.669786368260427,"CPL"
"4",21.6666666666667,67.3645833333333,0.75,14.6561807581251,3,"Forest_Wetland","USGS",0.720206141292678,"CPL"
"5",16.3333333333333,17.5496373917624,0.73469387755102,2.97846264202215,4,"Agriculture","USGS",0.738125802310655,"CPL"
"6",17.875,60.564645499619,0.734265734265734,14.568520257356,4,"Forest_Wetland","USGS",0.67462556978511,"CPL"
"7",15,38.0470707790574,0.755555555555555,7.76237405553733,4,"Urban","USGS",0.505038529934795,"CPL"
"8",14.8333333333333,26.3044104487222,0.749998190025807,5.37512427094395,5,"Agriculture","USGS",0.805205047318612,"CPL"
"9",21.0909090909091,66.7604466839063,0.750001276078023,7.7104913775049,5,"Forest_Wetland","USGS",0.592004283419597,"CPL"
"10",21,42.6794871794872,0.75,11.1849052947614,5,"Urban","USGS",0.715596330275229,"CPL"
"11",19.1666666666667,49.3714081029517,0.730434782608696,15.7130973575496,6,"Agriculture","USGS",0.662009063444109,"CPL"
"12",23.1666666666667,60.5402704502682,0.741007194244604,16.5457978341052,6,"Forest_Wetland","USGS",0.661538461538462,"CPL"
"13",17.6,35.8776348130336,0.704545454545455,13.3766924814781,6,"Urban","USGS",0.797832905617337,"CPL"
"14",15,30.6415398208647,0.746666666666667,6.68849830869197,7,"Agriculture","USGS",0.776560266793711,"CPL"
"15",20.7,64.2854477959879,0.749999802701268,8.74961840013455,7,"Forest_Wetland","USGS",0.529886603882376,"CPL"
"16",15.1666666666667,71.5390625,0.75,26.0324306157992,7,"Urban","USGS",0.537897310513447,"CPL"
"17",15.6666666666667,37.3333333333333,0.75,24.3882436050984,8,"Urban","USGS",0.772020725388601,"CPL"
"18",16.8333333333333,36.1287460471093,0.750000230821975,7.41326718499646,9,"Agriculture","USGS",0.657434402332362,"CPL"
"19",16.1428571428571,47.3165978386616,0.769911504424779,8.43727851798109,9,"Forest_Wetland","USGS",0.734246575342466,"CPL"
"20",15.5,41.9341508278459,0.698175247914188,16.3000961742628,9,"Urban","USGS",0.775510204081633,"CPL"
"21",31,69.3791666666667,0.75,22.7987164476299,10,"Agriculture","USGS",0.661024917724495,"CPL"
"22",20.6666666666667,52.9477860706393,0.766129032258064,11.1405504334451,10,"Forest_Wetland","USGS",0.790101156069364,"CPL"
"23",24,36,0.75,3.9670933454399,10,"Urban","USGS",0.817109144542773,"CPL"
"24",15.6666666666667,34.1944444444444,0.75,16.8726072406924,11,"Agriculture","USGS",0.743101807802093,"CPL"
"25",22.5,58.4461265263788,0.755555555555555,8.5719921163364,11,"Forest_Wetland","USGS",0.778606965174129,"CPL"
"26",15.4,31.2516039800674,0.74025974025974,7.00220727800961,11,"Urban","USGS",0.764917003140422,"CPL"
"27",23.4285714285714,107.637244881674,0.749999986108054,8.06225026685441,12,"Agriculture","EPA",0.633421197817691,"CPL"
"28",23.375,53.6302985058294,0.749999343869048,4.65668645040703,12,"Agriculture","USGS",0.719309762730939,"CPL"
"29",27.4468085106383,103.300129957425,0.749999710206646,4.80372482762409,12,"Forest_Wetland","EPA",0.745398286258331,"CPL"
"30",26.0294117647059,59.5180939108101,0.750000399754385,4.49655060353244,12,"Forest_Wetland","USGS",0.716822675181524,"CPL"
"31",21,48,0.75,21.862251425154,12,"Urban","USGS",0.829864253393665,"CPL"
"32",20,41.3986801613329,0.724476902823326,11.5600803242281,13,"Agriculture","USGS",0.852380952380952,"CPL"
"33",24.625,56.0902635442755,0.749999786389147,10.3272430669428,13,"Forest_Wetland","USGS",0.803101334294987,"CPL"
"34",16.5,25.0071761800576,0.734829786741821,3.48838082475717,13,"Urban","USGS",0.806748466257669,"CPL"
"35",19,51.1143787680647,0.707955384599234,15.6088785379237,14,"Agriculture","USGS",0.839469808541974,"CPL"
"36",26.2857142857143,54.9767099496072,0.749998812560913,7.16166936560368,14,"Forest_Wetland","USGS",0.840598290598291,"CPL"
"37",14,28.066675913138,0.715986630437195,10.9814507402973,14,"Urban","USGS",0.900928792569659,"CPL"
"38",28,28,0.607142857142857,3.347314777164,15,"Forest_Wetland","USGS",0.799703264094956,"CPL"
"39",24.6,98.66875,0.75,25.8159067411313,16,"Forest_Wetland","EPA",0.752498530276308,"CPL"
"40",25.25,39.3328033523496,0.712871287128713,5.62383731436745,16,"Forest_Wetland","USGS",0.849493487698987,"CPL"
"41",26.5,26.5,0.566037735849057,3.7316602504805,16,"Urban","EPA",0.645410628019324,"CPL"
"42",22.375,74.8991683909938,0.749999322620484,6.60515123497795,17,"Agriculture","EPA",0.721409823772028,"CPL"
"43",28.1818181818182,100.694421151075,0.749999730642913,7.24525985484034,17,"Forest_Wetland","EPA",0.749575551782683,"CPL"
"44",24,26.092042980498,0.638888888888889,5.77478640680562,17,"Forest_Wetland","USGS",0.858802502234138,"CPL"
"45",22.6666666666667,52.2222222222222,0.75,24.3996051212092,18,"Forest_Wetland","USGS",0.910318225650916,"CPL"
"46",28,57.7543859649123,0.75,11.3383835798279,19,"Forest_Wetland","USGS",0.848541862652869,"CPL"
"47",23,64.75,0.75,27.9078153938815,20,"Forest_Wetland","USGS",0.8840372226199,"CPL"
"48",27.4285714285714,84.7831870130715,0.734375,21.6228620237994,21,"Agriculture","EPA",0.709389802173307,"CPL"
"49",29.8,93.4411159449898,0.749998900265241,8.42690593529562,21,"Forest_Wetland","EPA",0.737684263575658,"CPL"
"50",32.3333333333333,63.4583333333333,0.75,26.0156306285116,21,"Forest_Wetland","USGS",0.84710351377018,"CPL"
"51",25,25,0.56,3.26263096124312,21,"Urban","EPA",0.860565110565111,"CPL"
"52",23.375,117.55078125,0.75,27.3592424091953,22,"Agriculture","EPA",0.753141167775314,"CPL"
"53",32,96.2274002140882,0.749999865679456,5.2024299857774,22,"Forest_Wetland","EPA",0.873350649350649,"CPL"
"54",24.2,52.9601426840231,0.776859504132231,11.4400798741419,22,"Forest_Wetland","USGS",0.839152833428735,"CPL"
"55",28.8571428571429,88.2604313431856,0.772277227722772,9.7594117786027,22,"Urban","EPA",0.722009691405254,"CPL"
"56",30,32.1893473051723,0.666666666666667,12.468864840432,23,"Forest_Wetland","USGS",0.782217782217782,"CPL"
"57",20.3333333333333,44.0833333333333,0.75,16.473445765278,24,"Forest_Wetland","USGS",0.821854912764004,"CPL"
"58",18.6666666666667,19.9316228874329,0.696428571428571,10.12683057317,25,"Forest_Wetland","USGS",0.85131459655485,"CPL"
"59",24,87.2331580899146,0.749536479331451,18.1608825057289,26,"Agriculture","EPA",0.801207165109034,"CPL"
"60",26.5333333333333,77.3448291525691,0.750000328586159,7.77434691592951,26,"Forest_Wetland","EPA",0.821338299853665,"CPL"
"61",25.5,47.6991143587153,0.733550393828763,8.19240189252577,26,"Forest_Wetland","USGS",0.779552715654952,"CPL"
"62",17.5,58.31875,0.75,20.8616801509906,26,"Urban","EPA",0.924055232558139,"CPL"
"63",24.4285714285714,111.354395604396,0.75,30.5829374656253,27,"Agriculture","EPA",0.692258064516129,"CPL"
"64",33.5833333333333,96.3046810317566,0.749999972851267,6.38408398383756,27,"Forest_Wetland","EPA",0.866856711662614,"CPL"
"65",23.6666666666667,83.1666666666667,0.75,34.6702923619797,27,"Urban","EPA",0.816040738383195,"CPL"
"66",23.1666666666667,47.8559116733635,0.749999900286862,7.23552255244559,1,"Forest_Wetland","USGS",0.703881700554529,"NAP"
"67",16.3333333333333,32.8166666666667,0.75,15.3657532415587,1,"Urban","USGS",0.744951383694839,"NAP"
"68",22.9166666666667,46.136490642621,0.750000888379805,3.722565090977,2,"Forest_Wetland","USGS",0.680368596982564,"NAP"
"69",18.1666666666667,43.9541761059606,0.779816513761468,6.30227365231067,2,"Urban","USGS",0.678061607813674,"NAP"
"70",28,42,0.75,5.12814991126457,3,"Forest_Wetland","USGS",0.674452554744526,"NAP"
"71",18,33.6445237931177,0.726887859727851,9.11876400118778,3,"Urban","USGS",0.577836411609499,"NAP"
"72",21.7777777777778,55.0095426431491,0.750000428228734,7.72688293873159,4,"Forest_Wetland","USGS",0.618339768339768,"NAP"
"73",18,33.6445237931177,0.726887859727851,9.9639359232399,4,"Urban","USGS",0.686868686868687,"NAP"
"74",26,28.1406951428351,0.641025641025641,9.36301296784742,5,"Forest_Wetland","USGS",0.664058679706601,"NAP"
"75",26.2857142857143,46.0823062447065,0.749999468674726,6.61401792401318,6,"Forest_Wetland","USGS",0.700417246175243,"NAP"
"76",23,24.7028256818007,0.681159420289855,3.65693127504103,7,"Forest_Wetland","USGS",0.681198910081744,"NAP"
"77",13.5,37.1875,0.75,10.7079947175609,7,"Urban","USGS",0.614185502727981,"NAP"
"78",24.7777777777778,40.0138300306473,0.749999946989824,3.21611095911693,8,"Forest_Wetland","USGS",0.680673670168418,"NAP"
"79",17.1538461538462,31.5609486707192,0.749999400169719,5.48846848710556,8,"Urban","USGS",0.689939288811795,"NAP"
"80",25.6666666666667,38.3068967063858,0.750002814084536,3.78187527916647,9,"Forest_Wetland","USGS",0.628880526810913,"NAP"
"81",26,40.7274018603434,0.759615384615385,6.13275657089611,9,"Urban","USGS",0.66976411722659,"NAP"
"82",27.5,83.0673076923077,0.75,26.6669516769308,10,"Forest_Wetland","USGS",0.729411764705882,"NAP"
"83",18.6,27.4001582663286,0.752689254999316,6.80155834356337,10,"Urban","USGS",0.69972602739726,"NAP"
"84",24,46.78445152317,0.731007055049531,11.8481314865726,11,"Forest_Wetland","USGS",0.656441717791411,"NAP"
"85",20.6,43.6554997766902,0.737864077669903,11.5986167663932,11,"Urban","USGS",0.72403901319564,"NAP"
"86",30.25,92.0509538863278,0.750000130723135,16.113264445192,12,"Agriculture","EPA",0.7945301542777,"NAP"
"87",33.3375,84.9346304200188,0.750000608825194,3.61258446689821,12,"Forest_Wetland","EPA",0.785821224130339,"NAP"
"88",28,47.035457944846,0.714285714285714,6.72566547225901,12,"Forest_Wetland","USGS",0.714677640603567,"NAP"
"89",31.8333333333333,86.2215445156142,0.727748691099477,11.0719964496212,12,"Urban","EPA",0.791736647631844,"NAP"
"90",19.4,37.1642008704674,0.731958762886598,10.7122194978012,12,"Urban","USGS",0.761290322580645,"NAP"
"91",33.5,74.722170762682,0.73240710928002,20.3514717013547,13,"Forest_Wetland","USGS",0.707042253521127,"NAP"
"92",23.3333333333333,24.9388546904597,0.714285714285714,9.48469105354661,13,"Urban","USGS",0.824701195219124,"NAP"
"93",27,48.7487387055892,0.735577675941676,5.7402328553955,14,"Forest_Wetland","USGS",0.568313953488372,"NAP"
"94",22.3333333333333,24.036159015134,0.686567164179104,7.35083836574377,14,"Urban","USGS",0.840862422997947,"NAP"
"95",26.3333333333333,93.3472222222222,0.75,19.2207310053395,16,"Agriculture","EPA",0.636517328825021,"NAP"
"96",36.4375,98.4261365562435,0.749999393977999,6.53678130381888,16,"Forest_Wetland","EPA",0.788113570741097,"NAP"
"97",32,51.0851434037081,0.7265625,10.5014027638896,16,"Urban","EPA",0.800093632958802,"NAP"
"98",21.5,34.0577760859876,0.736782608674692,3.37135199617709,16,"Urban","USGS",0.865384615384615,"NAP"
"99",27.1666666666667,77.180399095487,0.705521472392638,13.5557022956391,17,"Agriculture","EPA",0.680416755262598,"NAP"
"100",34.0487804878049,102.414589113227,0.750000494645992,6.08585504653516,17,"Forest_Wetland","EPA",0.836802480070859,"NAP"
"101",45.5,45.5,0.549450549450549,4.76748284522376,17,"Urban","EPA",0.85405837664934,"NAP"
"102",22.5,41.1877545786279,0.732226748064496,7.78367497642839,18,"Urban","USGS",0.922974767596281,"NAP"
"103",26.5,26.5,0.528301886792453,3.81225102547434,19,"Forest_Wetland","USGS",0.866120218579235,"NAP"
"104",27.5,27.5,0.545454545454545,3.9046986647136,20,"Forest_Wetland","USGS",0.83402489626556,"NAP"
"105",22.5,46.0525946320913,0.727744705297245,14.2996456227974,20,"Urban","USGS",0.884665792922674,"NAP"
"106",26.7272727272727,50.1585061925319,0.750000073361062,5.29493399672835,21,"Agriculture","EPA",0.845640219952867,"NAP"
"107",34.1363636363636,94.5497471252591,0.749999509330486,3.9054623129357,21,"Forest_Wetland","EPA",0.839663387856327,"NAP"
"108",26,76.7916666666667,0.75,36.6909761753082,21,"Urban","EPA",0.92483056069008,"NAP"
"109",35.5609756097561,96.3383944369452,0.749999295536086,4.1333605625707,22,"Forest_Wetland","EPA",0.882298749725817,"NAP"
"110",26.296875,47.0588257482085,0.749998459984906,2.0596293843584,22,"Forest_Wetland","USGS",0.803304078471864,"NAP"
"111",23.6666666666667,66.9833333333333,0.75,57.138032851328,22,"Urban","EPA",0.726461401160196,"NAP"
"112",26,39,0.75,3.38834267174294,22,"Urban","USGS",0.805745554035568,"NAP"
"113",25,40.695075104106,0.749999996523684,6.20054734138428,24,"Forest_Wetland","USGS",0.823122840087967,"NAP"
"114",16.5,28.3561425221253,0.729083554287885,5.93194243282452,24,"Urban","USGS",0.858015267175573,"NAP"
"115",25,25,0.64,2.90466829847143,25,"Forest_Wetland","USGS",0.852981969486824,"NAP"
"116",28.8571428571429,77.1903362061716,0.749174529416449,13.4841740907254,26,"Agriculture","EPA",0.891765353896998,"NAP"
"117",36,99.8107198363914,0.749999282995371,4.53482149966163,26,"Forest_Wetland","EPA",0.860732566642292,"NAP"
"118",29,29,0.586206896551724,3.54699444930031,26,"Forest_Wetland","USGS",0.876712328767123,"NAP"
"119",33,82.9930499227164,0.75000008663837,10.267519568137,26,"Urban","EPA",0.765619291194739,"NAP"
"120",27.3333333333333,29.5713328008428,0.658536585365854,12.2970735388214,27,"Agriculture","EPA",0.899810964083176,"NAP"
"121",33.7547169811321,101.51195910828,0.750000585259588,5.12191197501078,27,"Forest_Wetland","EPA",0.868129185267857,"NAP"
"122",10.5,39.515625,0.75,36.5809421531377,7,"Other","USGS",0.497401633259094,"NPL"
"123",9.5,29.2430894611411,0.648046303848002,12.543075861285,8,"Agriculture","EPA",0.553003533568905,"NPL"
"124",25.5,25.5,0.627450980392157,3.08127945357504,8,"Agriculture","USGS",0.647743813682678,"NPL"
"125",20.2222222222222,45.7226570173102,0.749999500041422,4.61006160544726,8,"Other","EPA",0.6094336084021,"NPL"
"126",18.5714285714286,36.7696460730596,0.750000237548649,7.21662163682123,8,"Other","USGS",0.670477471418964,"NPL"
"127",15.5,34.2615241808038,0.713039004803409,11.1916800824882,8,"Urban","USGS",0.680763983628922,"NPL"
"128",10.3333333333333,33.5208333333333,0.75,26.5597673602633,9,"Agriculture","EPA",0.843113032736257,"NPL"
"129",22.6818181818182,47.9251826616617,0.74999982675151,4.07781510278542,9,"Other","EPA",0.742655014565127,"NPL"
"130",21,38.6380900024796,0.678571428571429,12.495852948809,10,"Agriculture","EPA",0.58705469141997,"NPL"
"131",20.7916666666667,57.3475007025732,0.750000240288705,6.13395690204406,10,"Other","EPA",0.769326103795507,"NPL"
"132",20.1034482758621,61.2156351548132,0.749999887427105,6.085337443562,11,"Other","EPA",0.684734090039536,"NPL"
"133",20,42.6865037650497,0.78,7.95499592528937,11,"Other","USGS",0.715380082498527,"NPL"
"134",16,26.6937890073631,0.729908293170086,5.09617561618867,12,"Other","USGS",0.685240963855422,"NPL"
"135",22.75,98.03125,0.75,40.0122224409606,16,"Agriculture","EPA",0.844165170556553,"NPL"
"136",23.8409090909091,81.0656365765118,0.749999827430516,5.87538963620293,16,"Other","EPA",0.847653106839517,"NPL"
"137",26.6666666666667,91.3541666666666,0.75,20.7619107885075,17,"Agriculture","EPA",0.848366013071895,"NPL"
"138",23.6981132075472,81.9232881399227,0.749999781279044,6.18709081963169,17,"Other","EPA",0.896004019168341,"NPL"
"139",14,39.1388396901612,0.775510204081633,8.84994078603334,17,"Other","USGS",0.839959225280326,"NPL"
"140",18.75,26.7654944850649,0.749999409069747,2.39771987363232,19,"Other","USGS",0.589798370944051,"NPL"
"141",22.25,60.1722805074035,0.750000486997792,8.79602488559594,21,"Agriculture","EPA",0.761506276150628,"NPL"
"142",27.025,91.9794453348996,0.749999690284231,5.34871542874677,21,"Other","EPA",0.851572327044025,"NPL"
"143",22.7,72.2951071077173,0.749422500568023,13.492578010564,22,"Agriculture","EPA",0.926335877862595,"NPL"
"144",16.5,47.4064316167154,0.696513228528417,13.8420340708974,22,"Forest_Wetland","EPA",0.94392523364486,"NPL"
"145",24.6129032258065,77.2077653568312,0.750000057943832,4.93514165023083,22,"Other","EPA",0.896116714475186,"NPL"
"146",26.2857142857143,66.788694280224,0.750000014938701,12.1689779641138,26,"Agriculture","EPA",0.799522102747909,"NPL"
"147",24.1,64.3244465009768,0.750000408966645,4.99066650423629,26,"Other","EPA",0.903830879208163,"NPL"
"148",28,69.2323753635448,0.773809523809524,12.4648241375292,27,"Agriculture","EPA",0.858225108225108,"NPL"
"149",33,NA,NA,NA,27,"Forest_Wetland","EPA",0.922794117647059,"NPL"
"150",25.3658536585366,83.7098389144373,0.750000444967836,6.28181325491099,27,"Other","EPA",0.882908887750826,"NPL"
"151",18.5,NA,NA,NA,1,"Agriculture","USGS",0.68521897810219,"SAP"
"152",21.4117647058824,53.4163994437648,0.749999515708519,7.05977094014504,1,"Forest_Wetland","USGS",0.639459665144597,"SAP"
"153",17.8333333333333,39.3997301163649,0.742054377533258,8.8471613940829,1,"Urban","USGS",0.645525017618041,"SAP"
"154",18.21875,38.980256305525,0.749999671828173,3.83652951389738,2,"Agriculture","USGS",0.646125395215653,"SAP"
"155",19.5,44.6400163094732,0.750000099181978,3.36813352837887,2,"Forest_Wetland","USGS",0.695196050507927,"SAP"
"156",16.5833333333333,38.201767364384,0.74999939581869,3.85877320116893,2,"Urban","USGS",0.743680395969595,"SAP"
"157",21,38.7102170180151,0.750000632098269,5.83453520959628,3,"Agriculture","USGS",0.708012596221134,"SAP"
"158",22.8648648648649,51.6354685374518,0.750000563908711,4.1844500771102,3,"Forest_Wetland","USGS",0.653164836377683,"SAP"
"159",17.5,52.3728670286317,0.749999599399468,7.74414479196797,3,"Urban","USGS",0.784289659404725,"SAP"
"160",23,48.1449675313924,0.750000092481482,6.00543299567463,4,"Agriculture","USGS",0.612251056125528,"SAP"
"161",24.1764705882353,53.9462969342137,0.749998810718912,5.69901433146454,4,"Forest_Wetland","USGS",0.62628494572005,"SAP"
"162",18.0625,34.8140774322949,0.74999944834052,5.60624540095131,4,"Urban","USGS",0.623832648487112,"SAP"
"163",22.4,46.6436023339331,0.785714285714286,9.6312962787944,5,"Agriculture","USGS",0.543783783783784,"SAP"
"164",20.25,46.3514905444432,0.749999741108208,6.10875033488804,5,"Forest_Wetland","USGS",0.597277270377391,"SAP"
"165",19,37.2951723011869,0.74999969700108,10.0261244795632,5,"Urban","USGS",0.529636224879166,"SAP"
"166",21.6,43.6771077646692,0.759259259259259,10.5276334194679,6,"Agriculture","USGS",0.668912848158131,"SAP"
"167",22.3584905660377,44.9299575965011,0.750000253812496,3.5634138160449,6,"Forest_Wetland","USGS",0.671131186174391,"SAP"
"168",17.6,34.6902269954429,0.738636363636364,15.065636880506,6,"Urban","USGS",0.62778603268945,"SAP"
"169",20.9444444444444,44.8695447218641,0.749999907316003,6.34306748626171,7,"Agriculture","USGS",0.630227336514173,"SAP"
"170",21.4375,60.6310454549092,0.749999499347525,6.97516678116358,7,"Forest_Wetland","USGS",0.6315877251501,"SAP"
"171",19.4,53.1590909090909,0.75,10.7067966258381,7,"Urban","USGS",0.70158550396376,"SAP"
"172",26.125,63.5950834069014,0.750000336115488,9.56554614448787,8,"Agriculture","USGS",0.632727272727273,"SAP"
"173",23.3947368421053,43.1074572429994,0.749999538815579,3.16596037078814,8,"Forest_Wetland","USGS",0.70779671473741,"SAP"
"174",19.44,34.605467523895,0.749998519902593,3.21616564303244,8,"Urban","USGS",0.687999124822229,"SAP"
"175",22,57.5,0.75,14.5555750075056,9,"Agriculture","USGS",0.510090817356206,"SAP"
"176",26.3333333333333,57.4643328749166,0.750000372617479,5.03323363850377,9,"Forest_Wetland","USGS",0.607149911119889,"SAP"
"177",24,26.0433908181608,0.625,15.6951167827848,9,"Urban","USGS",0.657110736368747,"SAP"
"178",21.3333333333333,58.6666666666667,0.75,27.2491355731017,10,"Agriculture","USGS",0.746571258199165,"SAP"
"179",28.5714285714286,73.991981035997,0.749999288607415,8.58370755175439,10,"Forest_Wetland","USGS",0.712059620596206,"SAP"
"180",21.6666666666667,47.4656176724771,0.749999945342486,7.35761242275173,10,"Urban","USGS",0.737360890302067,"SAP"
"181",22.5,34.3761227555974,0.755555555555556,6.66826983724346,11,"Agriculture","USGS",0.64014598540146,"SAP"
"182",22.9777777777778,55.9359016148993,0.750000346431075,3.72459444673448,11,"Forest_Wetland","USGS",0.698245016186744,"SAP"
"183",18.3181818181818,37.4159987339458,0.749999381000543,4.59394991056691,11,"Urban","USGS",0.64874251497006,"SAP"
"184",28.8260869565217,83.764659567795,0.749999852394408,8.70077838433147,12,"Agriculture","EPA",0.814694201747419,"SAP"
"185",21.5,64.7329545454545,0.75,22.9734716499462,12,"Agriculture","USGS",0.776504297994269,"SAP"
"186",31.921568627451,93.2687004133985,0.750000410067203,2.79191572881055,12,"Forest_Wetland","EPA",0.834787099736027,"SAP"
"187",22.6666666666667,56.4567703593163,0.727941176470588,14.7943293154923,12,"Forest_Wetland","USGS",0.838616714697406,"SAP"
"188",28.8,57.5030590013758,0.743055555555556,11.4324172506413,12,"Urban","EPA",0.793118659020732,"SAP"
"189",18.4,37.098004597849,0.782608695652174,9.29796721900227,12,"Urban","USGS",0.796672828096118,"SAP"
"190",22.5,37.253089027399,0.735863486960968,4.46238368728841,13,"Agriculture","USGS",0.750330250990753,"SAP"
"191",20,53.4545454545454,0.75,12.972167036535,13,"Forest_Wetland","USGS",0.85208452312964,"SAP"
"192",20.25,29.5428044650063,0.802469135802469,5.47728235605472,13,"Urban","USGS",0.75261780104712,"SAP"
"193",22.1818181818182,43.7368284307781,0.750000705320222,3.50744526054205,14,"Agriculture","USGS",0.780371605526441,"SAP"
"194",24.1304347826087,43.3050383368995,0.750000583281135,3.73695474897109,14,"Forest_Wetland","USGS",0.851186815889804,"SAP"
"195",22.3333333333333,64.7083333333333,0.75,27.8688019768516,14,"Urban","USGS",0.697807435653003,"SAP"
"196",31,50.0666432545035,0.782258064516129,6.32003145318378,15,"Agriculture","USGS",0.763521288837745,"SAP"
"197",35,63.0877367253737,0.750001545807867,6.89654620363651,15,"Forest_Wetland","USGS",0.815419929786659,"SAP"
"198",18.2,74.05,0.75,42.2804410842679,15,"Urban","USGS",0.774284110050533,"SAP"
"199",36.2727272727273,95.7168688740534,0.750000627544853,9.10045509854376,16,"Agriculture","EPA",0.739171081333749,"SAP"
"200",28,44.8778986582022,0.741071428571429,7.16271688119755,16,"Agriculture","USGS",0.798959318826869,"SAP"
"201",32.5714285714286,111.566546568574,0.749999383199102,8.47845202986068,16,"Forest_Wetland","EPA",0.783632357570035,"SAP"
"202",27.5,68.1,0.75,15.618332326912,16,"Forest_Wetland","USGS",0.80056048575432,"SAP"
"203",28.75,46.2354460372823,0.71304347826087,8.90189423395535,16,"Urban","EPA",0.777556109725686,"SAP"
"204",24.5,38.598719639499,0.73469387755102,5.63574077936732,16,"Urban","USGS",0.772446383133406,"SAP"
"205",29.6666666666667,98.0501844787947,0.749999742988807,7.74265401113828,17,"Agriculture","EPA",0.814112092331905,"SAP"
"206",21.6666666666667,58.2261904761905,0.75,26.8028139253396,17,"Agriculture","USGS",0.807877041306436,"SAP"
"207",32.4761904761905,98.5335769160065,0.750000162048275,3.91106236679731,17,"Forest_Wetland","EPA",0.797521857448903,"SAP"
"208",22.25,55.6846590909091,0.75,17.8490031250646,17,"Forest_Wetland","USGS",0.822755417956656,"SAP"
"209",29.7,88.2963772701531,0.75000036548859,12.6319618753313,17,"Urban","EPA",0.790292910711759,"SAP"
"210",21.3333333333333,65.6666666666667,0.75,50.657275769405,17,"Urban","USGS",0.845997973657548,"SAP"
"211",20.5,43.4627388965855,0.723948060145386,13.2319674684135,18,"Agriculture","USGS",0.715877437325905,"SAP"
"212",22.75,91.2109375,0.75,35.0903966396131,18,"Forest_Wetland","USGS",0.8316961362148,"SAP"
"213",14.6666666666667,15.7370142380842,0.659090909090909,11.7329697524168,18,"Urban","USGS",0.837510803802939,"SAP"
"214",23.25,81.1041666666667,0.75,29.9923921614092,19,"Agriculture","USGS",0.791903409090909,"SAP"
"215",25.5,47.4997632407235,0.745096527335651,7.78533411775049,19,"Forest_Wetland","USGS",0.788951230038843,"SAP"
"216",23.5,40.5917574741512,0.735025033483951,7.78610194734332,19,"Urban","USGS",0.911573472041612,"SAP"
"217",28,68.5,0.75,17.1880087559337,20,"Forest_Wetland","USGS",0.734550561797753,"SAP"
"218",22,23.3622605454405,0.696969696969697,3.05300935085578,20,"Urban","USGS",0.788314176245211,"SAP"
"219",34.3333333333333,91.1286501806514,0.749999441471277,10.1557989978286,21,"Agriculture","EPA",0.86920376870497,"SAP"
"220",33.9302325581395,101.091176218306,0.750000139635616,5.18692210237654,21,"Forest_Wetland","EPA",0.848533109807209,"SAP"
"221",26.6666666666667,109.228070175439,0.75,27.5840144027246,21,"Forest_Wetland","USGS",0.862827715355805,"SAP"
"222",31.5714285714286,66.9291056477926,0.749999763656359,9.56952463725351,21,"Urban","EPA",0.866913123844732,"SAP"
"223",17,30.0687183977218,0.728308058076305,8.40227892188076,21,"Urban","USGS",0.885630498533724,"SAP"
"224",34.8333333333333,90.0871166234307,0.750000782735459,7.49421334622154,22,"Agriculture","EPA",0.816584046867958,"SAP"
"225",26.6666666666667,82.1333333333333,0.75,44.2329933208635,22,"Agriculture","USGS",0.812623274161736,"SAP"
"226",36,96.3143513168109,0.749999846807529,4.71822480801656,22,"Forest_Wetland","EPA",0.881799694966955,"SAP"
"227",25.8809523809524,65.7298391252908,0.750000026703647,3.53332240972142,22,"Forest_Wetland","USGS",0.799627097576134,"SAP"
"228",27.1428571428571,61.7144826922525,0.752632319466041,8.20812829208449,22,"Urban","EPA",0.844851576994434,"SAP"
"229",17.7333333333333,35.2865336573522,0.750000809172032,3.70993207205095,22,"Urban","USGS",0.822903516681695,"SAP"
"230",25.6,53.3211052710696,0.7109375,11.8873020600138,23,"Forest_Wetland","USGS",0.815409309791332,"SAP"
"231",9.5,9.5,0.631578947368421,2.1191005082989,23,"Urban","USGS",0.6991643454039,"SAP"
"232",25.8,95.3357142857143,0.75,45.8002886898235,24,"Forest_Wetland","USGS",0.789896670493685,"SAP"
"233",17.5,17.5,0.514285714285714,3.32734745938534,24,"Urban","USGS",0.801388888888889,"SAP"
"234",26.6,59.7065830822225,0.75187969924812,11.0983706822221,25,"Forest_Wetland","USGS",0.793414763674987,"SAP"
"235",22,22,0.545454545454545,3.22565739125621,25,"Urban","USGS",0.854651162790698,"SAP"
"236",36.9,99.8310107465565,0.750000683773896,10.7717675011905,26,"Agriculture","EPA",0.88768115942029,"SAP"
"237",32.7758620689655,98.9949644704459,0.749999390228161,5.00182538083801,26,"Forest_Wetland","EPA",0.842418761304809,"SAP"
"238",25.6,88.7428571428571,0.75,24.9523268834416,26,"Forest_Wetland","USGS",0.772137619853356,"SAP"
"239",26.7777777777778,68.3728922033906,0.749999680867863,9.65600731001345,26,"Urban","EPA",0.925379705040722,"SAP"
"240",17.5,17.5,0.514285714285714,3.28973103206339,26,"Urban","USGS",0.833087149187592,"SAP"
"241",34.8,75.1123436816806,0.770114942528736,12.3736448661992,27,"Agriculture","EPA",0.933421662802252,"SAP"
"242",34.1034482758621,106.860767084203,0.750000818123717,7.07751376574717,27,"Forest_Wetland","EPA",0.883196987404233,"SAP"
"243",32,45.3018016353059,0.750000141313215,6.72564363751815,27,"Urban","EPA",0.926425161471497,"SAP"
"244",14.3333333333333,40.7666666666667,0.75,37.6467599142079,1,"Agriculture","USGS",0.664761904761905,"SPL"
"245",17,17,0.588235294117647,2.68561630331851,1,"Forest_Wetland","USGS",0.679710144927536,"SPL"
"246",14.25,21.8616502052798,0.719298245614035,16.3613783825261,1,"Other","USGS",0.717873831775701,"SPL"
"247",18,29.6705342543437,0.732605784057869,5.09182191399942,1,"Urban","USGS",0.518518518518518,"SPL"
"248",19,29.5154133421952,0.735841329860821,4.33137651468484,2,"Agriculture","USGS",0.515007898894155,"SPL"
"249",14,NA,NA,NA,2,"Forest_Wetland","USGS",0.758146270818248,"SPL"
"250",19,43.2092668791377,0.718159560318078,13.9785496878486,2,"Other","USGS",0.633050847457627,"SPL"
"251",16.4,37.0561718408403,0.75609756097561,8.6737239502854,2,"Urban","USGS",0.566625666256663,"SPL"
"252",34,49.8710663634494,0.794117647058824,8.58007136695705,4,"Other","USGS",0.685265619779485,"SPL"
"253",26,41.6151951860768,0.738731275492488,7.48335685998212,5,"Agriculture","USGS",0.68075117370892,"SPL"
"254",28.5,28.5,0.596491228070176,4.30250156004762,5,"Other","USGS",0.863576158940397,"SPL"
"255",16,46.4761904761905,0.75,25.9517484160431,5,"Urban","USGS",0.622990078686281,"SPL"
"256",25,NA,NA,NA,6,"Agriculture","USGS",0.78987898789879,"SPL"
"257",29.3333333333333,30.7928982034482,0.806818181818182,2.64529317034851,6,"Other","USGS",0.80076081787922,"SPL"
"258",15.5,50.75,0.75,23.7217809002708,6,"Urban","USGS",0.667875647668394,"SPL"
"259",18,63.5,0.75,38.4518233101803,9,"Other","EPA",0.703806228373702,"SPL"
"260",22.75,39.9683942427044,0.692307692307692,10.1709731594423,10,"Agriculture","USGS",0.595301813856676,"SPL"
"261",24.4,75.4666666666667,0.75,16.0629787678655,10,"Other","EPA",0.678688524590164,"SPL"
"262",27.5,NA,NA,NA,10,"Other","USGS",0.753323485967504,"SPL"
"263",21.75,54.296875,0.75,16.8768855635173,10,"Urban","USGS",0.690730837789661,"SPL"
"264",23,48.0942608669106,0.727323415756681,13.1446267519668,11,"Agriculture","EPA",0.81858407079646,"SPL"
"265",15.3684210526316,33.9475722553659,0.750000104657765,3.91028218534261,11,"Agriculture","USGS",0.731320049813201,"SPL"
"266",13.5,13.5,0.592592592592593,2.50755676157609,11,"Forest_Wetland","USGS",0.48301329394387,"SPL"
"267",17.7142857142857,55.315842918356,0.741935483870968,14.8533719807579,11,"Other","EPA",0.663744661721735,"SPL"
"268",18.5384615384615,85.5147246273447,0.750000338450736,13.0794108232606,11,"Other","USGS",0.675255338904364,"SPL"
"269",14.1363636363636,29.7832947233253,0.749999456064504,3.01442164937983,11,"Urban","USGS",0.507913286341269,"SPL"
"270",18.2857142857143,67.3839285714286,0.75,11.0612343997802,12,"Agriculture","EPA",0.780927152317881,"SPL"
"271",18.2307692307692,53.2014883610865,0.750000593197248,7.92019437659248,12,"Agriculture","USGS",0.811275049548558,"SPL"
"272",28.8333333333333,112.252976190476,0.75,25.7882832705964,12,"Forest_Wetland","EPA",0.789764868603043,"SPL"
"273",25.55,89.8267100930568,0.750000484506591,8.89295109376673,12,"Other","EPA",0.795043536503684,"SPL"
"274",21.3636363636364,78.1520344055245,0.750000193269865,15.7969518344385,12,"Other","USGS",0.833692722371968,"SPL"
"275",18.6,38.8295210163806,0.749999878255808,7.09881449331602,12,"Urban","USGS",0.811745776347546,"SPL"
"276",24,26.1406951428351,0.611111111111111,14.0723664453554,13,"Agriculture","USGS",0.78963110667996,"SPL"
"277",14.75,NA,NA,NA,13,"Other","USGS",0.846336822074215,"SPL"
"278",16.9333333333333,54.5639538420272,0.749999861125458,7.02770169542892,13,"Urban","USGS",0.893263248229994,"SPL"
"279",19.3333333333333,50.1666666666667,0.75,31.2143155046041,14,"Other","USGS",0.909929078014184,"SPL"
"280",15.7142857142857,52.6866430720223,0.749999636746831,9.46130743504295,14,"Urban","USGS",0.864478764478764,"SPL"
"281",19,39.7955268998966,0.726315789473684,11.9075584283037,15,"Other","USGS",0.835504392608301,"SPL"
"282",18.2666666666667,46.7444903391204,0.750000289147127,8.1678984144973,15,"Urban","USGS",0.790878970960826,"SPL"
"283",21.8571428571429,105.316964285714,0.75,31.6450146014003,16,"Agriculture","EPA",0.908656399362719,"SPL"
"284",30.4,63.1797589122081,0.743421052631579,12.1455887444897,16,"Forest_Wetland","EPA",0.895711835334477,"SPL"
"285",26.7142857142857,87.5216013041598,0.749999110066369,7.2276323401955,16,"Other","EPA",0.859225741578683,"SPL"
"286",21.2,88.3285714285714,0.75,27.5747728326204,16,"Other","USGS",0.841217333774396,"SPL"
"287",15.6,46.7713357451754,0.749999879033241,6.25036372017711,16,"Urban","USGS",0.815509572616515,"SPL"
"288",21.3333333333333,68.1124261220007,0.749999220740906,5.71055464176095,17,"Agriculture","EPA",0.795201505410067,"SPL"
"289",18.6666666666667,50.6666666666667,0.75,36.4002232950139,17,"Agriculture","USGS",0.789184952978056,"SPL"
"290",23.7857142857143,81.1870150742829,0.750000302474174,7.28322090620475,17,"Other","EPA",0.854901747910108,"SPL"
"291",20.3076923076923,61.7729686416415,0.749999605061017,8.42818727186891,17,"Other","USGS",0.805359661495063,"SPL"
"292",14.7142857142857,47.989937093046,0.737864077669903,12.2867088102495,17,"Urban","USGS",0.810928734676917,"SPL"
"293",20.5,75.4715909090909,0.75,24.8767191978054,18,"Other","USGS",0.907319952774498,"SPL"
"294",16.5833333333333,53.9857676356927,0.750000570454813,13.8714407183871,18,"Urban","USGS",0.82154445165477,"SPL"
"295",19.25,NA,NA,NA,19,"Other","USGS",0.840025094102886,"SPL"
"296",15.8461538461538,36.9333776658064,0.750001059076937,8.88331414501661,19,"Urban","USGS",0.868300324493678,"SPL"
"297",20.5,NA,NA,NA,20,"Other","USGS",0.877722583110432,"SPL"
"298",19.3571428571429,44.4085485680051,0.750000418979219,7.69672520031142,20,"Urban","USGS",0.83533623114293,"SPL"
"299",22.6153846153846,57.2285533539898,0.74999987278361,7.0804154450673,21,"Agriculture","EPA",0.705559189012426,"SPL"
"300",20.1666666666667,57.9670093495597,0.727272727272727,10.339314698156,21,"Forest_Wetland","EPA",0.826713532513181,"SPL"
"301",26.3461538461538,74.0529931896386,0.74999967347164,6.64854668868134,21,"Other","EPA",0.85942537794655,"SPL"
"302",28,57.389515828215,0.732009130461926,14.3209624408069,21,"Other","USGS",0.79568345323741,"SPL"
"303",14.5,36.7969946935787,0.700061730198881,12.7990835842742,21,"Urban","USGS",0.687074829931973,"SPL"
"304",21,62.9126283277562,0.755102040816326,11.7956388925343,22,"Agriculture","EPA",0.785954910598601,"SPL"
"305",25.8,93.2342105263158,0.75,26.7512693075866,22,"Forest_Wetland","EPA",0.804201050262566,"SPL"
"306",23.8285714285714,83.4088489113181,0.749999450243523,5.79112947145597,22,"Other","EPA",0.872754163014899,"SPL"
"307",23,73.5294117647059,0.75,22.6854023884406,22,"Urban","EPA",0.822327790973872,"SPL"
"308",17,50.2682398783665,0.695754185167702,15.1559133629911,22,"Urban","USGS",0.7,"SPL"
"309",23.3333333333333,63.9444444444444,0.75,29.1318164526875,23,"Other","USGS",0.902711323763955,"SPL"
"310",13,20.5230098798703,0.728627569699537,5.93198263634525,23,"Urban","USGS",0.826783114992722,"SPL"
"311",22,NA,NA,NA,24,"Other","USGS",0.932604735883424,"SPL"
"312",11,17.5275156026843,0.724277504243154,3.42557292832015,24,"Urban","USGS",0.856716417910448,"SPL"
"313",27.6666666666667,82.0757575757576,0.75,53.6283245754369,25,"Other","USGS",0.927325581395349,"SPL"
"314",12.5,NA,NA,NA,25,"Urban","USGS",0.896350364963504,"SPL"
"315",24.3846153846154,59.6612564920339,0.750000859131432,4.60512086095058,26,"Agriculture","EPA",0.823006087092243,"SPL"
"316",34.3333333333333,37.1065065865516,0.689320388349515,4.26672431543513,26,"Forest_Wetland","EPA",0.865664631282292,"SPL"
"317",21.047619047619,89.6047431040308,0.750000264704651,7.31027871490095,26,"Other","EPA",0.818251903247567,"SPL"
"318",28,NA,NA,NA,26,"Other","USGS",0.893704850361197,"SPL"
"319",12,NA,NA,NA,26,"Urban","EPA",0.784600389863548,"SPL"
"320",18.5,40.9999711797082,0.718772321631115,14.0789094366402,26,"Urban","USGS",0.915644171779141,"SPL"
"321",23.8,51.4157824506298,0.789915966386555,9.86733645921525,27,"Agriculture","EPA",0.828603022484335,"SPL"
"322",23.6666666666667,56.9166666666667,0.75,23.888550099585,27,"Forest_Wetland","EPA",0.925316455696203,"SPL"
"323",23.3928571428571,73.9680480411514,0.750000230442804,5.65146276401623,27,"Other","EPA",0.893159609120521,"SPL"
"324",24.6666666666667,61.2227762446465,0.736486486486487,12.1752697735931,1,"Agriculture","USGS",0.716875159560888,"TPL"
"325",26,39,0.75,4.55888891910486,1,"Forest_Wetland","USGS",0.715846994535519,"TPL"
"326",24,52.3104417225135,0.726533912812688,15.8599384608399,1,"Urban","USGS",0.714177118966173,"TPL"
"327",22.1666666666667,54.9599429148347,0.750000652304231,5.00674552160228,2,"Agriculture","USGS",0.692872825536227,"TPL"
"328",14.5,30.0630980460693,0.714936933319127,11.5037837023574,2,"Forest_Wetland","USGS",0.725225225225225,"TPL"
"329",16.5,37.9375,0.75,12.5941193098432,2,"Urban","USGS",0.771929824561403,"TPL"
"330",16,36.4635223982706,0.712178171841223,13.2532737741583,3,"Agriculture","USGS",0.844988344988345,"TPL"
"331",20.1428571428571,46.5296204751371,0.749999378643461,10.3483675604506,4,"Agriculture","USGS",0.699464391985717,"TPL"
"332",19,33.0009499408723,0.731322990379441,5.04804957297001,4,"Forest_Wetland","USGS",0.702344546381244,"TPL"
"333",19.0535714285714,35.3539225920403,0.750001083172814,2.4147891183247,5,"Agriculture","USGS",0.670392715697524,"TPL"
"334",18.4375,34.3399042208574,0.749998783023342,3.70979477391788,5,"Forest_Wetland","USGS",0.659282941310802,"TPL"
"335",18,44.4659090909091,0.75,11.8191197030462,5,"Urban","USGS",0.63327120223672,"TPL"
"336",18.3333333333333,38.7967281167065,0.750000514638883,12.9125259007364,6,"Agriculture","USGS",0.701906830798938,"TPL"
"337",10.5,NA,NA,NA,6,"Forest_Wetland","USGS",0.781779661016949,"TPL"
"338",16.5,16.5,0.545454545454545,2.35628605069182,6,"Urban","USGS",0.530386740331492,"TPL"
"339",18.625,48.1612476118021,0.750000566100319,11.9737657619855,7,"Agriculture","USGS",0.789071347678369,"TPL"
"340",18,54.1666666666667,0.75,53.527397294029,7,"Forest_Wetland","USGS",0.808966861598441,"TPL"
"341",14.5,22.2998091197352,0.758620689655172,6.47250599025576,7,"Urban","USGS",0.719369369369369,"TPL"
"342",20,33.9498037108928,0.749998715682136,3.6276040908009,8,"Agriculture","EPA",0.593581188433429,"TPL"
"343",19.5,43.8157628929547,0.749999886948816,5.89042084643263,8,"Agriculture","USGS",0.713378248315688,"TPL"
"344",21.6666666666667,23.272188023793,0.661538461538462,10.7649894652463,8,"Forest_Wetland","EPA",0.861299052774019,"TPL"
"345",17.375,35.484528316541,0.750000687819529,6.0406262394827,8,"Forest_Wetland","USGS",0.689574155653451,"TPL"
"346",16.952380952381,38.1206475918176,0.750000710401547,3.72061146503452,8,"Urban","USGS",0.673764429003698,"TPL"
"347",21.125,49.1553738056157,0.74999948488526,6.70401882753075,9,"Agriculture","EPA",0.679087098276665,"TPL"
"348",22.5,NA,NA,NA,9,"Agriculture","USGS",0.793398533007335,"TPL"
"349",20.3181818181818,48.1996727104825,0.749999134129108,6.11841965370702,10,"Agriculture","EPA",0.638191388385538,"TPL"
"350",19.9230769230769,48.9903840432845,0.750000300584722,8.6325661663938,10,"Agriculture","USGS",0.836805959725294,"TPL"
"351",14,30.1332763301219,0.735713784587152,8.11202290133639,10,"Forest_Wetland","USGS",0.755781683626272,"TPL"
"352",18,44.3484848484849,0.75,16.9057391020563,10,"Other","EPA",0.602351916376307,"TPL"
"353",18.8333333333333,43.7253544984438,0.761061946902655,9.29925317943579,10,"Urban","USGS",0.736408566721582,"TPL"
"354",16.5,39.5682471128176,0.749999319414985,5.80773094726185,11,"Agriculture","EPA",0.626622782958493,"TPL"
"355",18.6363636363636,50.3670364772015,0.750000233190405,7.05615606846888,11,"Agriculture","USGS",0.784587995930824,"TPL"
"356",13.3333333333333,40.4166666666667,0.75,15.7778103055683,11,"Forest_Wetland","USGS",0.803714859437751,"TPL"
"357",16.125,47.7815095353445,0.750000180921186,10.2718215735757,11,"Urban","USGS",0.745616330803455,"TPL"
"358",26.5263157894737,67.7492373866485,0.750000508352583,3.85465475170205,12,"Agriculture","EPA",0.782537067545305,"TPL"
"359",19.8260869565217,47.4258611952865,0.7500002211033,3.94526457049194,12,"Agriculture","USGS",0.797328758730548,"TPL"
"360",28.5833333333333,58.6295367325596,0.750000287644026,5.46229133284298,12,"Forest_Wetland","EPA",0.903565365025467,"TPL"
"361",14,35.3738459991917,0.750000216799713,8.77602161480267,12,"Forest_Wetland","USGS",0.848084886128364,"TPL"
"362",18,58.5,0.75,22.2284037417996,12,"Other","EPA",0.848861283643892,"TPL"
"363",26.3333333333333,52.7348484848485,0.75,21.2623546690073,12,"Urban","EPA",0.576711644177911,"TPL"
"364",16.2608695652174,33.274079289813,0.750000307494987,3.77259812317841,12,"Urban","USGS",0.766881615768342,"TPL"
"365",19.2666666666667,52.0107327403508,0.75000081665045,6.82459898482907,13,"Agriculture","USGS",0.800974658869396,"TPL"
"366",11.6,58.02,0.75,25.4549056585707,13,"Forest_Wetland","USGS",0.933415536374846,"TPL"
"367",21.7142857142857,60.7408865187814,0.756578947368421,11.9344476439531,14,"Agriculture","USGS",0.851106639839034,"TPL"
"368",19.5,31.0640209488832,0.735243099381851,3.60970817773932,14,"Forest_Wetland","USGS",0.923195084485407,"TPL"
"369",21.25,57.9197224296696,0.750000416065499,8.17567695215171,15,"Agriculture","USGS",0.820275119617225,"TPL"
"370",19.3333333333333,38.2777777777778,0.75,17.7828882538842,15,"Forest_Wetland","USGS",0.752300070771408,"TPL"
"371",19,19,0.526315789473684,3.81353609148764,15,"Urban","USGS",0.781102362204724,"TPL"
"372",22.78125,63.3677427089498,0.749999765151409,4.55784195851787,16,"Agriculture","EPA",0.908681875792142,"TPL"
"373",24.5,55.1998996798734,0.736053826812436,8.48139292564849,16,"Agriculture","USGS",0.857191087103309,"TPL"
"374",25.1351351351351,78.2113221106204,0.749999593806482,4.70412692438161,17,"Agriculture","EPA",0.815725391027442,"TPL"
"375",19.875,51.6607627942055,0.751123349474934,9.24161864375105,17,"Agriculture","USGS",0.843617368592883,"TPL"
"376",15,NA,NA,NA,17,"Forest_Wetland","EPA",0.855661192739844,"TPL"
"377",19,33.0009499408723,0.731322990379441,7.72173368090139,17,"Forest_Wetland","USGS",0.803713527851459,"TPL"
"378",37,56.5077312516653,0.742979665836358,5.41299650489888,17,"Other","EPA",0.842997811816193,"TPL"
"379",22,69.5,0.75,24.6061096035854,17,"Other","USGS",0.884375,"TPL"
"380",17.6666666666667,52.5,0.75,22.8347293384235,17,"Urban","EPA",0.493459302325581,"TPL"
"381",17,17,0.529411764705882,2.97776864794871,17,"Urban","USGS",0.713675213675214,"TPL"
"382",20.35,52.5856486211953,0.750000508550683,6.9648949275485,18,"Agriculture","USGS",0.837721842013687,"TPL"
"383",19.4,39.6059642506908,0.77319587628866,10.1720691309736,18,"Forest_Wetland","USGS",0.864306784660767,"TPL"
"384",23.6666666666667,57.5833333333333,0.75,37.2070346912059,19,"Agriculture","USGS",0.851662404092072,"TPL"
"385",20,36.5085455312922,0.730170910625844,7.39622744404468,19,"Forest_Wetland","USGS",0.783892617449664,"TPL"
"386",16.5,28.3561425221253,0.729083554287885,5.90690086780246,19,"Urban","USGS",0.814763231197772,"TPL"
"387",22,47.5624816754029,0.74999989826733,7.01647953878782,20,"Agriculture","USGS",0.740444444444444,"TPL"
"388",17,25.1318267292885,0.808823529411765,5.35682212706674,20,"Forest_Wetland","USGS",0.874564459930314,"TPL"
"389",24.046875,66.4246011499794,0.750000024611194,4.47249573959524,21,"Agriculture","EPA",0.888226211740486,"TPL"
"390",25.68,63.8915519193492,0.750000308461781,3.93854299536955,21,"Agriculture","USGS",0.816322811110301,"TPL"
"391",24.2352941176471,58.2315446253291,0.749999579452577,5.29422900333182,21,"Forest_Wetland","EPA",0.9207763671875,"TPL"
"392",27.9444444444444,70.3825230387942,0.749999897996325,7.45426591226436,21,"Forest_Wetland","USGS",0.888351014522608,"TPL"
"393",29.2,64.4303165619408,0.801369863013699,11.6777313242322,21,"Other","EPA",0.899776453055142,"TPL"
"394",17.5,43.4806313703087,0.709887859107081,17.3190577915739,21,"Urban","EPA",0.645561762880199,"TPL"
"395",23.7692307692308,49.8480591144684,0.749999526287981,5.37860455472174,21,"Urban","USGS",0.786469034341063,"TPL"
"396",25.8965517241379,65.6790876688511,0.750000784268107,5.51727004507792,22,"Agriculture","EPA",0.837395481231098,"TPL"
"397",16,24,0.75,2.97144333677882,22,"Agriculture","USGS",0.91044776119403,"TPL"
"398",24.375,119.609375,0.75,24.6933715685307,22,"Forest_Wetland","EPA",0.864476386036961,"TPL"
"399",18.5,31.3135933326208,0.731946666650011,5.22386447283375,23,"Agriculture","USGS",0.942161339421613,"TPL"
"400",19,33.0009499408723,0.731322990379441,7.44606677594567,24,"Agriculture","USGS",0.868829337094499,"TPL"
"401",26.5,43.212141613412,0.738406122265495,4.23820101659779,25,"Agriculture","USGS",0.887755102040816,"TPL"
"402",26.9298245614035,73.7112893002187,0.749999523321987,3.29200789608039,26,"Agriculture","EPA",0.864374372103575,"TPL"
"403",19.5,39.384827764413,0.725032989745932,8.59723726656276,26,"Agriculture","USGS",0.821005917159763,"TPL"
"404",25.5,84.5568111982974,0.75,14.8515771769526,26,"Forest_Wetland","EPA",0.889334001001502,"TPL"
"405",24.6666666666667,75.4583333333333,0.75,25.89696986233,26,"Urban","EPA",0.889675516224189,"TPL"
"406",26.8333333333333,65.7869139847838,0.749999004385868,6.8018548149169,27,"Agriculture","EPA",0.815912319870103,"TPL"
"407",29.25,79.76171875,0.75,18.0685999256963,27,"Forest_Wetland","EPA",0.908901613742842,"TPL"
"408",24.6,47.9403532281085,0.780487804878049,11.8234666600653,1,"Forest_Wetland","USGS",0.595082597003458,"UMW"
"409",19.5,45.4765125627011,0.717578107498243,15.4905798650977,2,"Agriculture","USGS",0.7866937531742,"UMW"
"410",19,43.2083333333333,0.75,16.7347321121506,4,"Forest_Wetland","USGS",0.691341705221414,"UMW"
"411",14.5,NA,NA,NA,5,"Agriculture","USGS",0.796703296703297,"UMW"
"412",27.2,58.8674097396786,0.764705882352941,12.9637025216526,5,"Forest_Wetland","USGS",0.593646102696712,"UMW"
"413",11.8,22.2656852916491,0.728813559322034,8.57291924780846,5,"Urban","USGS",0.775607432110529,"UMW"
"414",29.8235294117647,86.1136928409343,0.750000351404717,7.25867292955932,12,"Agriculture","EPA",0.872585786611663,"UMW"
"415",17,17,0.529411764705882,3.19421242638657,12,"Agriculture","USGS",0.754716981132076,"UMW"
"416",33.2264150943396,94.2649279751313,0.750000557306606,4.72299949305216,12,"Forest_Wetland","EPA",0.834562502316273,"UMW"
"417",18,NA,NA,NA,12,"Urban","USGS",0.778901734104046,"UMW"
"418",25.1428571428571,51.169860708303,0.749999267132064,5.25236277667132,15,"Agriculture","USGS",0.771074380165289,"UMW"
"419",25,52.1297461722445,0.750001468771781,6.87000054036385,15,"Forest_Wetland","USGS",0.772322632856758,"UMW"
"420",27,58.4574036586744,0.751323559633712,10.3298817854086,16,"Agriculture","EPA",0.865173200580792,"UMW"
"421",41.5,41.5,0.530120481927711,5.00932628026958,16,"Agriculture","USGS",0.757111597374179,"UMW"
"422",25.75,39.7596220704341,0.757281553398058,6.43999613372754,16,"Forest_Wetland","EPA",0.841882352941177,"UMW"
"423",38,72.6293828892326,0.789473684210526,13.5576261250421,16,"Forest_Wetland","USGS",0.689192546583851,"UMW"
"424",26.7777777777778,82.1356120521059,0.749999275292894,8.1880678459179,17,"Agriculture","EPA",0.901250947687642,"UMW"
"425",31.135593220339,104.0728490599,0.749999988027278,4.14229608906963,17,"Forest_Wetland","EPA",0.838831136940329,"UMW"
"426",27.5,46.4963070884367,0.737792641403294,5.81621498551637,17,"Urban","EPA",0.76310861423221,"UMW"
"427",15.3333333333333,43.6666666666667,0.75,32.2253585858993,18,"Agriculture","USGS",0.808924485125858,"UMW"
"428",20.8,36.6143186862744,0.75,13.6069885097718,18,"Forest_Wetland","USGS",0.721669037458511,"UMW"
"429",17.5,NA,NA,NA,18,"Urban","USGS",0.866666666666667,"UMW"
"430",18.5,18.5,0.594594594594595,3.01719628692884,20,"Forest_Wetland","USGS",0.78561736770692,"UMW"
"431",23.7777777777778,64.4498589910126,0.750000183732922,11.4620446299441,21,"Agriculture","EPA",0.809883321894303,"UMW"
"432",31.4193548387097,95.8209978126145,0.74999937237096,6.45745864345197,21,"Forest_Wetland","EPA",0.868032991752062,"UMW"
"433",24.5,62.53125,0.75,20.0851883345326,21,"Urban","EPA",0.773181169757489,"UMW"
"434",29,81.1787096133276,0.750000469787903,10.1303786543841,22,"Agriculture","EPA",0.879720952610055,"UMW"
"435",35.2352941176471,82.5586312641325,0.7500007527638,6.07794840267151,22,"Forest_Wetland","EPA",0.862297576350397,"UMW"
"436",30.0588235294118,66.8355960388527,0.750000432139944,6.11167147615619,26,"Agriculture","EPA",0.882966018890457,"UMW"
"437",33.9090909090909,91.0301040008975,0.749999239865849,6.25383993549558,26,"Forest_Wetland","EPA",0.899032926548469,"UMW"
"438",30.5,57.0709197156723,0.736201060562287,11.2842820268709,26,"Urban","EPA",0.726470588235294,"UMW"
"439",27.9090909090909,72.4070065351479,0.750000232801932,8.76392533100974,27,"Agriculture","EPA",0.927733755942948,"UMW"
"440",30.7027027027027,92.9362985299828,0.750000133131581,6.25408793193337,27,"Forest_Wetland","EPA",0.873513904683139,"UMW"
"441",21,62.2518728409421,0.705803546949457,19.9286754431095,27,"Urban","EPA",0.558991981672394,"UMW"
"442",26.5,43.212141613412,0.738406122265495,4.68587932309534,1,"Other","USGS",0.92174629324547,"WMT"
"443",16.8,66.5291862128369,0.750000153705139,8.82432799386714,2,"Agriculture","USGS",0.598577802565533,"WMT"
"444",22,53.9985580013793,0.749999438871653,9.31808259330835,2,"Forest_Wetland","USGS",0.534924703620634,"WMT"
"445",21.1428571428571,54.7617252401993,0.745494756572978,10.5888652662108,2,"Other","USGS",0.688063934003609,"WMT"
"446",20.5,48.359375,0.75,13.4033099423856,3,"Forest_Wetland","USGS",0.662851196670135,"WMT"
"447",17.3333333333333,46.5412886714086,0.730769230769231,11.9546670070058,3,"Other","USGS",0.642857142857143,"WMT"
"448",19.4375,47.3622802721785,0.750000256123145,5.88331240915296,4,"Forest_Wetland","USGS",0.509537420521496,"WMT"
"449",21.75,70.9375,0.75,25.2332444178744,4,"Other","USGS",0.504234527687296,"WMT"
"450",17,NA,NA,NA,4,"Urban","USGS",0.212314225053079,"WMT"
"451",18.0526315789474,45.1777361144065,0.750000301691342,5.25537335821048,5,"Forest_Wetland","USGS",0.487566988210075,"WMT"
"452",21.3333333333333,NA,NA,NA,5,"Other","USGS",0.547838412473423,"WMT"
"453",14.3333333333333,15.5009852294252,0.674418604651163,10.7369413105787,5,"Urban","USGS",0.307903780068729,"WMT"
"454",12.5,NA,NA,NA,6,"Agriculture","USGS",0.62555720653789,"WMT"
"455",19.4285714285714,50.9726338836324,0.749999971348369,5.75309667378523,6,"Forest_Wetland","USGS",0.605015219597043,"WMT"
"456",13,29.719656236964,0.703423816259503,9.9330150998607,6,"Urban","USGS",0.398190045248869,"WMT"
"457",16,36.4635223982706,0.712178171841223,13.2318407814661,7,"Agriculture","USGS",0.69219440353461,"WMT"
"458",18.2727272727273,54.5662430699287,0.750000748077665,6.39825917869751,7,"Forest_Wetland","USGS",0.634558093346574,"WMT"
"459",15.5,50.7430555555556,0.75,8.76494341452206,7,"Other","USGS",0.679935012185215,"WMT"
"460",15,46.675,0.75,23.4321047767309,7,"Urban","USGS",0.829526462395543,"WMT"
"461",26.5180722891566,80.0419389339138,0.750000029429691,4.27017130331292,8,"Forest_Wetland","EPA",0.796239381909762,"WMT"
"462",17.4838709677419,38.8136665327363,0.749999828876027,3.59024382352198,8,"Forest_Wetland","USGS",0.661549510728073,"WMT"
"463",25.2142857142857,98.3878845763144,0.750000066053334,6.93058932633593,8,"Other","EPA",0.816388369544194,"WMT"
"464",19,49.0833333333333,0.75,23.9358467369301,8,"Other","USGS",0.740298507462687,"WMT"
"465",25.6666666666667,NA,NA,NA,9,"Agriculture","EPA",0.608816705336427,"WMT"
"466",16.5,28.3561425221253,0.729083554287885,6.13192919916061,9,"Agriculture","USGS",0.570762052877138,"WMT"
"467",29.2786885245902,89.3315953480371,0.749999986604468,3.27345296258049,9,"Forest_Wetland","EPA",0.809100998890122,"WMT"
"468",17.75,55.85546875,0.75,19.0268707106207,9,"Forest_Wetland","USGS",0.663813599619591,"WMT"
"469",26.1162790697674,102.471427180618,0.750000329783924,5.94380425865958,9,"Other","EPA",0.795177470871384,"WMT"
"470",26.3140495867769,84.6751171128232,0.749999500229829,2.78400484243721,10,"Forest_Wetland","EPA",0.784038554801164,"WMT"
"471",21.2,92.2285714285714,0.75,31.5562659046343,10,"Forest_Wetland","USGS",0.710716435881999,"WMT"
"472",24.7884615384615,97.3611640307143,0.750000486716479,5.41322342103022,10,"Other","EPA",0.750879147661989,"WMT"
"473",23.4,NA,NA,NA,10,"Other","USGS",0.705444126074499,"WMT"
"474",15.6666666666667,39.6666666666667,0.75,21.2721610601272,10,"Urban","USGS",0.65561797752809,"WMT"
"475",14,NA,NA,NA,11,"Agriculture","USGS",0.777333333333333,"WMT"
"476",27.9222222222222,84.2996038129892,0.749999884821924,4.23452277884282,11,"Forest_Wetland","EPA",0.817749415355345,"WMT"
"477",18.75,NA,NA,NA,11,"Forest_Wetland","USGS",0.765909090909091,"WMT"
"478",25.0952380952381,93.8278495089921,0.750000050941642,7.75656105385298,11,"Other","EPA",0.805907770772827,"WMT"
"479",21.4,101.419230769231,0.75,40.0812110446834,11,"Other","USGS",0.673444976076555,"WMT"
"480",14.3333333333333,29.4761904761905,0.75,20.6933186109301,11,"Urban","USGS",0.735562310030395,"WMT"
"481",17.5,25.9736029747749,0.814285714285714,5.21763906408953,12,"Agriculture","USGS",0.735251798561151,"WMT"
"482",24.6666666666667,117.777777777778,0.75,30.8144275624972,12,"Forest_Wetland","EPA",0.699328525242477,"WMT"
"483",19.0909090909091,44.3130148755456,0.749999966251206,7.31069241684812,12,"Forest_Wetland","USGS",0.690241228070175,"WMT"
"484",26.6,90.5,0.75,28.197272649767,12,"Other","EPA",0.710533828147302,"WMT"
"485",22,83.2428571428571,0.75,33.5077611716524,12,"Other","USGS",0.679108970499699,"WMT"
"486",17.2352941176471,41.2844273269079,0.74999913809714,6.04258117128832,12,"Urban","USGS",0.720695652173913,"WMT"
"487",15,39.3236812842724,0.699087667275954,13.7805934495424,13,"Forest_Wetland","USGS",0.598845598845599,"WMT"
"488",22.3333333333333,NA,NA,NA,13,"Other","USGS",0.781385281385281,"WMT"
"489",13,38.875,0.75,19.3803372364873,13,"Urban","USGS",0.711753731343284,"WMT"
"490",15.5,41.9341508278459,0.698175247914188,13.4647176154915,14,"Forest_Wetland","USGS",0.574132492113565,"WMT"
"491",22.3333333333333,NA,NA,NA,14,"Other","USGS",0.864113650401482,"WMT"
"492",12.3333333333333,NA,NA,NA,14,"Urban","USGS",0.78316559926807,"WMT"
"493",18.8333333333333,32.2821192240707,0.750001099305613,6.20786052103895,15,"Forest_Wetland","USGS",0.666829745596869,"WMT"
"494",24.75,73.7585227272727,0.75,27.7848537341844,15,"Other","USGS",0.791899441340782,"WMT"
"495",18.1764705882353,37.8633842732785,0.749999608789449,4.01787644609003,15,"Urban","USGS",0.675087384810931,"WMT"
"496",28.75,87.5807625916684,0.749999461581236,5.27589033289826,16,"Forest_Wetland","EPA",0.8272758267985,"WMT"
"497",23.4210526315789,97.1893524534546,0.750000224518403,10.0344093677468,16,"Other","EPA",0.827648557573765,"WMT"
"498",31.75,76.7334558823529,0.75,20.4441398983189,16,"Other","USGS",0.691973244147157,"WMT"
"499",18,45.9567002057614,0.709208336508663,14.5753875757695,16,"Urban","USGS",0.804926108374384,"WMT"
"500",28.0178571428571,105.302143813554,0.750000381105152,6.36161407558471,17,"Forest_Wetland","EPA",0.840279097548394,"WMT"
"501",23,60.9166666666667,0.75,32.2556667266806,17,"Forest_Wetland","USGS",0.89873417721519,"WMT"
"502",23.6190476190476,91.628393547517,0.750000214335557,10.1239825074953,17,"Other","EPA",0.888993254205448,"WMT"
"503",28.3333333333333,72.75,0.75,35.131141861627,17,"Other","USGS",0.777096114519427,"WMT"
"504",11.3333333333333,34.25,0.75,24.1621937750565,17,"Urban","USGS",0.790554414784394,"WMT"
"505",19.5,NA,NA,NA,18,"Other","USGS",0.749613601236476,"WMT"
"506",17.5454545454545,53.2856940726185,0.749999432538535,11.702150306865,19,"Forest_Wetland","USGS",0.833718244803695,"WMT"
"507",21.5,78.8125,0.75,21.7141013500729,19,"Other","USGS",0.799828546935276,"WMT"
"508",14.6666666666667,43.6666666666667,0.75,22.5401601978059,19,"Urban","USGS",0.84393063583815,"WMT"
"509",19.5,39.384827764413,0.725032989745932,11.6263466141255,20,"Forest_Wetland","USGS",0.744630071599045,"WMT"
"510",26.6666666666667,74.5757575757576,0.75,33.1781424573166,20,"Other","USGS",0.867720465890183,"WMT"
"511",20.5,NA,NA,NA,21,"Agriculture","USGS",0.82437745740498,"WMT"
"512",30.0925925925926,96.7877580902351,0.749999509227984,6.24877681906978,21,"Forest_Wetland","EPA",0.847918995331711,"WMT"
"513",16.75,43.1250453119934,0.7500003927426,4.62418299098638,21,"Forest_Wetland","USGS",0.706622991094278,"WMT"
"514",25.9090909090909,93.5361028004635,0.750000368362675,7.86381747441122,21,"Other","EPA",0.90000850991405,"WMT"
"515",20,NA,NA,NA,21,"Other","USGS",0.741967871485944,"WMT"
"516",16.5,NA,NA,NA,21,"Urban","USGS",0.876967095851216,"WMT"
"517",21,45.5770027324568,0.723444487816775,15.6930915209307,22,"Agriculture","USGS",0.839473684210526,"WMT"
"518",29.4459459459459,95.6092674004839,0.750000473466941,4.71468447531223,22,"Forest_Wetland","EPA",0.86913130661258,"WMT"
"519",17.875,44.8430545351108,0.749999356524323,7.48528545823685,22,"Forest_Wetland","USGS",0.694141012909633,"WMT"
"520",27.4666666666667,114.60780189019,0.749999874227816,9.80964221020552,22,"Other","EPA",0.901190323819276,"WMT"
"521",20.1818181818182,78.8180185743917,0.750000296850291,12.2770532178494,22,"Other","USGS",0.764903630658897,"WMT"
"522",18.5,48.5012830391126,0.708565128401937,14.5197087996596,22,"Urban","USGS",0.810541310541311,"WMT"
"523",22.1,61.4996647701977,0.750000481947037,6.55431757660908,23,"Agriculture","USGS",0.697856553998351,"WMT"
"524",25.1379310344828,43.065308585565,0.749999696579496,3.23839489723264,23,"Forest_Wetland","USGS",0.750097503900156,"WMT"
"525",24.6666666666667,NA,NA,NA,23,"Other","USGS",0.784569138276553,"WMT"
"526",21.1960784313725,43.3412330391749,0.749999999139104,2.14793550508415,23,"Urban","USGS",0.719701961579401,"WMT"
"527",17.5,31.8315131399019,0.727577443197757,9.69700192937499,24,"Agriculture","USGS",0.757404795486601,"WMT"
"528",20.375,46.2660228022068,0.749999230056205,10.7323956827716,24,"Forest_Wetland","USGS",0.717439293598234,"WMT"
"529",26.3333333333333,NA,NA,NA,24,"Other","USGS",0.714855433698903,"WMT"
"530",19,37.4211831176136,0.725618509205803,11.7974415192399,24,"Urban","USGS",0.889044943820225,"WMT"
"531",18.5,NA,NA,NA,25,"Agriculture","USGS",0.822033898305085,"WMT"
"532",22.75,37.9964962870716,0.692307692307692,8.63048938122603,25,"Forest_Wetland","USGS",0.814128943758573,"WMT"
"533",24,NA,NA,NA,25,"Other","USGS",0.858559153998678,"WMT"
"534",19.5,53.79598642271,0.707376547307167,18.8141385382502,25,"Urban","USGS",0.877805486284289,"WMT"
"535",18.5,NA,NA,NA,26,"Agriculture","USGS",0.799703264094956,"WMT"
"536",29.7692307692308,83.6467958261789,0.749999448017246,5.07868497817134,26,"Forest_Wetland","EPA",0.889368353097075,"WMT"
"537",25.5,39.4214168400796,0.745098039215686,7.57079906753617,26,"Forest_Wetland","USGS",0.745138888888889,"WMT"
"538",25.8823529411765,98.1153595333854,0.75000049468032,10.9901832984835,26,"Other","EPA",0.846800258564964,"WMT"
"539",30,NA,NA,NA,26,"Other","USGS",0.849295774647887,"WMT"
"540",20.5,50.1848493536952,0.716499931284167,15.7290873031113,26,"Urban","USGS",0.852704257767549,"WMT"
"541",26.5384615384615,90.3625484463171,0.749999766241864,6.89809806697605,27,"Forest_Wetland","EPA",0.878287336274409,"WMT"
"542",24.9259259259259,95.570478855696,0.749999513541953,7.92472118024712,27,"Other","EPA",0.897456052593969,"WMT"
"543",13.2,24.5248328544891,0.757575757575758,10.9014352430829,1,"Agriculture","USGS",0.72594880847308,"XER"
"544",13.9285714285714,50.1304293357558,0.749999777641044,7.63015510855077,1,"Other","USGS",0.666533610091011,"XER"
"545",13.3333333333333,33.2666666666667,0.75,23.8544807358947,2,"Agriculture","USGS",0.691119691119691,"XER"
"546",16,24,0.75,3.17667705796593,2,"Forest_Wetland","USGS",0.786295005807201,"XER"
"547",16.0714285714286,55.9541436440517,0.749999879347697,7.70759947577322,2,"Other","USGS",0.7460828818275,"XER"
"548",14.5,40.109375,0.75,19.5641238636559,2,"Urban","USGS",0.488515598217347,"XER"
"549",11.6666666666667,28.8166666666667,0.75,16.5707999128587,3,"Agriculture","USGS",0.578319783197832,"XER"
"550",15.6,52.7083233169736,0.7499999577235,11.5458276638689,3,"Other","USGS",0.517610062893082,"XER"
"551",10,NA,NA,NA,3,"Urban","USGS",0.481748071979434,"XER"
"552",13.3333333333333,NA,NA,NA,4,"Agriculture","USGS",0.450584007187781,"XER"
"553",11.5,30.1517977438875,0.683972727649623,10.1325085038684,4,"Forest_Wetland","USGS",0.446126447016919,"XER"
"554",18.9,55.0454396632661,0.749999478446713,9.09951513697217,4,"Other","USGS",0.496353961371699,"XER"
"555",13.25,47.50625,0.75,33.2909361516574,5,"Agriculture","USGS",0.527082119976704,"XER"
"556",15.25,NA,NA,NA,5,"Forest_Wetland","USGS",0.578947368421053,"XER"
"557",16,48.9493267570382,0.75,9.60735276179941,5,"Other","USGS",0.529195160441873,"XER"
"558",12,18,0.75,3.11166131770778,5,"Urban","USGS",0.352642276422764,"XER"
"559",12.6666666666667,42.9761904761905,0.75,16.3657601132416,6,"Agriculture","USGS",0.625811103100216,"XER"
"560",12,20.7663584101265,0.721054111462725,4.31489080763683,6,"Forest_Wetland","USGS",0.703105590062112,"XER"
"561",13.8333333333333,47.6666666666667,0.75,25.8333121363826,6,"Other","USGS",0.439344262295082,"XER"
"562",13.3333333333333,32.5833333333333,0.75,33.0763920856768,6,"Urban","USGS",0.702179176755448,"XER"
"563",14.25,38.08203125,0.75,20.9717843387948,7,"Agriculture","USGS",0.737024221453287,"XER"
"564",14.3333333333333,NA,NA,NA,7,"Other","USGS",0.804972804972805,"XER"
"565",14,46.390625,0.75,23.7452898534144,7,"Urban","USGS",0.685210312075984,"XER"
"566",13.9,28.6689370929613,0.750000239157383,3.78136456260796,8,"Agriculture","USGS",0.721655249545645,"XER"
"567",19.2,66.9090909090909,0.75,22.919854711982,8,"Forest_Wetland","EPA",0.718990889978977,"XER"
"568",14.875,34.1304897307095,0.74999994070592,5.48356678672646,8,"Forest_Wetland","USGS",0.555836646187206,"XER"
"569",22.64,82.7841773339532,0.749999785592546,8.32718992805017,8,"Other","EPA",0.752292925702097,"XER"
"570",17.4,62.7030120400153,0.750000019024896,7.82778784637729,8,"Other","USGS",0.632663847780127,"XER"
"571",13.5,43.5819638269787,0.749999664165345,6.77295053381302,8,"Urban","USGS",0.556584054941774,"XER"
"572",16.75,29.9262815025078,0.671641791044776,9.80345007625706,9,"Agriculture","USGS",0.531420765027322,"XER"
"573",23.5,102.730263157895,0.75,22.7758037184087,9,"Forest_Wetland","EPA",0.776103336921421,"XER"
"574",15,39.3236812842724,0.699087667275954,12.3737704682563,9,"Forest_Wetland","USGS",0.409022556390977,"XER"
"575",22.8780487804878,95.6381599042824,0.750000206305092,7.47710322591789,9,"Other","EPA",0.780596177904318,"XER"
"576",17.5,55.2639034729395,0.749999994597552,12.1568970875777,9,"Other","USGS",0.658124419684308,"XER"
"577",13,NA,NA,NA,9,"Urban","EPA",0.663734776725304,"XER"
"578",20.3333333333333,57,0.75,23.9226365367881,9,"Urban","USGS",0.612171837708831,"XER"
"579",16.5,NA,NA,NA,10,"Agriculture","EPA",0.520524017467249,"XER"
"580",14.2,52.75,0.75,19.3517458953549,10,"Agriculture","USGS",0.426804946150778,"XER"
"581",21.0555555555556,120.535703477212,0.749999991150408,15.7362009854263,10,"Forest_Wetland","EPA",0.79930504369801,"XER"
"582",19.0540540540541,88.3539025911009,0.750000256730675,6.2819985211523,10,"Other","EPA",0.767531964354901,"XER"
"583",19.8181818181818,58.6380817492055,0.749999166075491,9.39140891418322,10,"Other","USGS",0.735289551311908,"XER"
"584",6.33333333333333,NA,NA,NA,10,"Urban","USGS",0.382601351351351,"XER"
"585",21,22.6541735194635,0.634920634920635,14.5987369034997,11,"Agriculture","EPA",0.814685314685315,"XER"
"586",14.875,39.9077309807971,0.749999710665173,7.60167539199968,11,"Agriculture","USGS",0.572892324285457,"XER"
"587",26.8,104.828571428571,0.75,31.0182864886455,11,"Forest_Wetland","EPA",0.739416058394161,"XER"
"588",22,80.9470597825398,0.749999538215747,10.0919075431054,11,"Other","EPA",0.799447942724058,"XER"
"589",17.3478260869565,60.9514528296269,0.749999804795625,5.40036404973899,11,"Other","USGS",0.763957019387993,"XER"
"590",13.6666666666667,39.4444444444444,0.75,19.5254956014607,11,"Urban","EPA",0.48334054521852,"XER"
"591",6.5,NA,NA,NA,11,"Urban","USGS",0.34045393858478,"XER"
"592",12,NA,NA,NA,12,"Agriculture","USGS",0.493656922228351,"XER"
"593",19.6666666666667,59.5139716614677,0.750000380377886,9.14015315513856,12,"Other","USGS",0.771868978805395,"XER"
"594",5.33333333333333,13.3333333333333,0.75,10.8865384055102,12,"Urban","USGS",0.546942291128338,"XER"
"595",8,NA,NA,NA,13,"Agriculture","USGS",0.747384155455904,"XER"
"596",14.8333333333333,49.6354166666667,0.75,11.8694384084505,13,"Other","USGS",0.813155386081983,"XER"
"597",10.5,NA,NA,NA,13,"Urban","USGS",0.755289139633286,"XER"
"598",11,27.653171456877,0.685615821244884,11.8626058868499,14,"Agriculture","USGS",0.778723404255319,"XER"
"599",16.5,47.2589285714286,0.75,19.5817136454063,14,"Other","USGS",0.745740498034076,"XER"
"600",13,44.6,0.75,37.1544231111993,14,"Urban","USGS",0.81948986265533,"XER"
"601",16.2857142857143,38.5091612139105,0.750000032569414,6.571447623857,15,"Agriculture","USGS",0.682319314005717,"XER"
"602",18.3846153846154,55.1431988615799,0.749999920148889,5.89659390587514,15,"Other","USGS",0.7904,"XER"
"603",13,NA,NA,NA,15,"Urban","USGS",0.543788187372709,"XER"
"604",24.2142857142857,98.396385515019,0.750000307946542,14.4079671548299,16,"Forest_Wetland","EPA",0.803444976076555,"XER"
"605",23.7735849056604,106.975849842107,0.750000217743374,6.58312452449654,16,"Other","EPA",0.814182131006513,"XER"
"606",34,75.0103049436815,0.75000015780334,10.1000269646784,16,"Other","USGS",0.683494352973194,"XER"
"607",18.5,NA,NA,NA,16,"Urban","USGS",0.781437125748503,"XER"
"608",17.3333333333333,56.9166666666667,0.75,22.9280279356835,17,"Agriculture","EPA",0.7265625,"XER"
"609",16.6666666666667,43.9761904761905,0.75,26.6034991163112,17,"Agriculture","USGS",0.797441364605544,"XER"
"610",21,93.61875,0.75,33.1281809870835,17,"Forest_Wetland","EPA",0.769442532690984,"XER"
"611",23.9705882352941,105.887933854689,0.749999737140191,8.08191745081034,17,"Other","EPA",0.857494993067324,"XER"
"612",18.5,62.31875,0.75,26.0106743878363,17,"Other","USGS",0.814583333333333,"XER"
"613",27,53.1927083333333,0.75,18.5939198480967,17,"Urban","EPA",0.676253400699573,"XER"
"614",18.5,61.6875,0.75,31.0668204992649,18,"Other","USGS",0.848967551622419,"XER"
"615",15.5,NA,NA,NA,18,"Urban","USGS",0.761217948717949,"XER"
"616",31.25,54.9051807482587,0.696,11.2499130629821,19,"Agriculture","USGS",0.849852616064849,"XER"
"617",16,NA,NA,NA,19,"Forest_Wetland","USGS",0.681102362204724,"XER"
"618",18.3333333333333,48.5833333333333,0.75,30.6757467222631,19,"Other","USGS",0.760986892829607,"XER"
"619",10,10,0.6,2.16240517716043,19,"Urban","USGS",0.729820627802691,"XER"
"620",28.4,67.4974080266138,0.76056338028169,9.83248916105638,20,"Agriculture","USGS",0.82301026957638,"XER"
"621",15.125,NA,NA,NA,20,"Other","USGS",0.589678725018973,"XER"
"622",12.3333333333333,41.3666666666667,0.75,35.7081845494242,20,"Urban","USGS",0.530503978779841,"XER"
"623",37.25,59.7227478492779,0.758389261744966,6.08993660514846,21,"Agriculture","USGS",0.837680031140522,"XER"
"624",23.25,109.641666666667,0.75,27.3055860894478,21,"Forest_Wetland","EPA",0.783538796229152,"XER"
"625",26.4864864864865,93.717497276699,0.750000317591259,6.79634254644688,21,"Other","EPA",0.841238656562822,"XER"
"626",20.25,66.65625,0.75,26.5302620816328,21,"Other","USGS",0.747305663838569,"XER"
"627",16,36.4635223982706,0.712178171841223,15.1471706045906,21,"Urban","USGS",0.599462365591398,"XER"
"628",28.6666666666667,65.2749478773271,0.749999751116426,7.88315197348182,22,"Agriculture","EPA",0.886833179155103,"XER"
"629",24.7142857142857,95.1071428571428,0.75,16.626438221777,22,"Forest_Wetland","EPA",0.844334719334719,"XER"
"630",25.3076923076923,97.1628927531208,0.750000077058376,7.01099123418157,22,"Other","EPA",0.871614985267293,"XER"
"631",15.75,NA,NA,NA,22,"Other","USGS",0.488114980652294,"XER"
"632",16,NA,NA,NA,22,"Urban","USGS",0.691292875989446,"XER"
"633",16,73.2,0.75,21.7198071396618,23,"Other","USGS",0.55918057663126,"XER"
"634",8.5,23.5918476884004,0.653061527706585,9.3042982900769,23,"Urban","USGS",0.662121212121212,"XER"
"635",13.25,46.45703125,0.75,32.9861289490086,24,"Other","USGS",0.749923942804989,"XER"
"636",14,28.066675913138,0.715986630437195,9.35249240270857,24,"Urban","USGS",0.690883190883191,"XER"
"637",15.3125,43.3474168726293,0.750000562306348,5.57486480061657,25,"Agriculture","USGS",0.701512501286141,"XER"
"638",20.2,68.1441565061505,0.750000008271673,11.4111058025291,25,"Forest_Wetland","USGS",0.843388365992902,"XER"
"639",20.9411764705882,58.3210747626793,0.749999733927904,8.94081452613797,25,"Other","USGS",0.82503057480636,"XER"
"640",16.9565217391304,44.1110140107552,0.74999947470576,4.3406856050992,25,"Urban","USGS",0.788700710222708,"XER"
"641",24,68.4893185219259,0.713430401270061,16.7672836999011,26,"Agriculture","EPA",0.824110671936759,"XER"
"642",23.6666666666667,25.4667966731417,0.661971830985915,9.24515133369321,26,"Agriculture","USGS",0.698222222222222,"XER"
"643",28.7142857142857,119.907142857143,0.75,23.2443244208461,26,"Forest_Wetland","EPA",0.907068927548998,"XER"
"644",33.5,55.3995989340017,0.74047136022279,5.36918881408911,26,"Forest_Wetland","USGS",0.8176,"XER"
"645",25.3947368421053,89.3383438564746,0.750000377464857,5.95490729979913,26,"Other","EPA",0.788488717773771,"XER"
"646",24.5,71.3360175128563,0.71306306551793,17.129717713512,26,"Urban","EPA",0.882692307692308,"XER"
"647",21.4285714285714,59.6189550811464,0.742221775707485,11.7421560837712,26,"Urban","USGS",0.647666164766616,"XER"
"648",24.8,76.35,0.75,18.1006169476235,27,"Agriculture","EPA",0.834916864608076,"XER"
"649",30.6,85.1,0.75,14.6884254059178,27,"Forest_Wetland","EPA",0.931860609831985,"XER"
"650",23.1515151515152,95.1600377063412,0.750000142601672,8.23730649506371,27,"Other","EPA",0.895900081455335,"XER"
"651",16.3333333333333,44.8333333333333,0.75,21.6056068864462,27,"Urban","EPA",0.416666666666667,"XER"
